Trial,Time,PosX,PosY,PosZ,VelX,VelY,VelZ,Speed
1,11.31643,0.001263574,0.999919,2.296978,0,0,0,0
1,11.34378,0.0006915778,0.9998457,2.297184,-0.02091699,-0.002680967,0.007524144,0.02239019
1,11.36578,0.0003141314,0.9995242,2.297377,-0.01715369,-0.01460874,0.008787458,0.02418437
1,11.38699,0.0003673881,0.9992798,2.297672,0.002511483,-0.01152724,0.01389678,0.01822924
1,11.40814,0.001006693,0.9992326,2.297734,0.03022116,-0.002228743,0.002964143,0.03044786
1,11.4302,0.001037642,0.9990129,2.297971,0.00140296,-0.009961892,0.01073193,0.01470993
1,11.4514,0.001299441,0.9988133,2.298225,0.01234823,-0.009412458,0.01199892,0.01962262
1,11.47298,0.001677021,0.9988115,2.298319,0.0174967,-8.286057E-05,0.004330846,0.01802492
1,11.49083,0.001879394,0.9988097,2.298443,0.01133918,-0.0001035313,0.006973334,0.01331222
1,11.50879,0.001935795,0.9988573,2.297828,0.003140274,0.002648284,-0.03424849,0.03449396
1,11.52995,0.001812577,0.9987265,2.297689,-0.005822235,-0.006179215,-0.006567881,0.01073397
1,11.55142,0.001571402,0.9983991,2.297652,-0.01123548,-0.01525277,-0.001754915,0.01902532
1,11.57237,0.001732558,0.997506,2.29786,0.007692303,-0.04262738,0.009969054,0.04444825
1,11.59332,0.003210098,0.9940974,2.300353,0.07054041,-0.1627361,0.1190158,0.2135972
1,11.61435,0.004983529,0.9864988,2.308936,0.08430101,-0.3612024,0.4079893,0.5513883
1,11.6362,0.005827546,0.9736891,2.322937,0.0386359,-0.5863767,0.6409081,0.8695364
1,11.65665,0.004765958,0.9563539,2.341575,-0.05189645,-0.8474443,0.911114,1.245385
1,11.67772,0.003492981,0.9366225,2.36184,-0.06043518,-0.936758,0.9621071,1.344179
1,11.69878,-0.0001381338,0.9073284,2.388709,-0.1723587,-1.390509,1.275398,1.894693
1,11.71954,-0.006575704,0.8785226,2.412195,-0.3102055,-1.388054,1.131697,1.817598
1,11.73787,-0.01034868,0.8594809,2.427628,-0.2057653,-1.038474,0.8416678,1.352469
1,11.75616,-0.01156896,0.845624,2.440896,-0.06672823,-0.7577287,0.7255396,1.051196
1,11.77682,-0.01180494,0.8325534,2.455248,-0.01142033,-0.6325661,0.6946005,0.9395425
1,11.79712,-0.009622395,0.823478,2.46704,0.1075441,-0.4471876,0.5810208,0.7410315
1,11.81824,-0.00917995,0.8163173,2.474942,0.02094862,-0.3390442,0.374157,0.5053546
1,11.83894,-0.01028818,0.8152602,2.479913,-0.05353557,-0.0510651,0.2401139,0.2512537
1,11.86008,-0.01028574,0.8173292,2.484285,0.0001155888,0.09786144,0.2068194,0.2288037
1,11.8805,-0.009747863,0.8212753,2.49011,0.02633918,0.1932386,0.2852243,0.3455254
1,11.90165,-0.008541673,0.8221374,2.495741,0.05705127,0.04077447,0.2663379,0.2754148
1,11.92213,-0.007074207,0.8191299,2.501619,0.07162251,-0.1467854,0.286909,0.3301401
1,11.94248,-0.006459117,0.8131475,2.507271,0.03023893,-0.2941025,0.2778483,0.405722
1,11.96303,-0.005197018,0.8049216,2.510614,0.06139149,-0.4001312,0.162605,0.4362503
1,11.98105,-0.005261868,0.7981535,2.512978,-0.00359943,-0.3756574,0.1311939,0.3979238
1,11.99913,-0.005343944,0.7902956,2.514899,-0.004539504,-0.4346089,0.106258,0.447433
1,12.01955,-0.005321383,0.7837626,2.517191,0.001104817,-0.3199298,0.1122622,0.3390562
1,12.04034,-0.007009327,0.7832627,2.517591,-0.0811734,-0.02404331,0.0192507,0.08682045
1,12.06097,-0.01026601,0.7850446,2.518487,-0.157885,0.08638915,0.04341419,0.1851366
1,12.09124,-0.0110299,0.7867386,2.519129,-0.0252409,0.05597469,0.02122315,0.06496684
1,12.1031,-0.009752691,0.7895097,2.520708,0.1076795,0.2336205,0.1330868,0.28963
1,12.12507,-0.008070737,0.7907053,2.521966,0.07654777,0.05441366,0.05728096,0.1100069
1,12.14531,-0.007993013,0.792531,2.522186,0.003840881,0.09022242,0.01086286,0.09095515
1,12.16476,-0.01164234,0.7944776,2.521568,-0.1875796,0.100056,-0.03180173,0.214962
1,12.18561,-0.01473856,0.7968907,2.521637,-0.1484871,0.1157288,0.003327281,0.1882887
1,12.20576,-0.01583561,0.7959056,2.521204,-0.05443839,-0.04888526,-0.02149674,0.07625888
1,12.22397,-0.01395965,0.7929723,2.52053,0.1030315,-0.1611034,-0.03701781,0.1947823
1,12.24209,-0.0116826,0.7917908,2.52019,0.1257127,-0.0652281,-0.01877011,0.142866
1,12.26219,-0.01111272,0.7906657,2.519742,0.0283404,-0.05595161,-0.02226682,0.06655502
1,12.28227,-0.01256713,0.7901917,2.518894,-0.07245005,-0.02361062,-0.04225684,0.08713272
1,12.30334,-0.01279891,0.7887646,2.518919,-0.01099976,-0.06772979,0.001210723,0.06862787
1,12.3234,-0.01165381,0.7882825,2.518622,0.05707182,-0.02403008,-0.01479414,0.06366713
1,12.34376,-0.01072836,0.7901402,2.519544,0.04546579,0.09126832,0.04525934,0.1115592
1,12.3647,-0.01088697,0.7916123,2.519708,-0.007572521,0.07028414,0.007865632,0.07112715
1,12.38619,-0.01133955,0.7918128,2.518953,-0.02105876,0.009329867,-0.03516727,0.04203873
2,15.74693,-0.0002116263,0.9977732,2.298418,0,0,0,0
2,15.76961,-0.000602752,0.9979224,2.298355,-0.01724768,0.006576303,-0.002765096,0.01866483
2,15.78852,-0.0007291883,0.9979477,2.29805,-0.006685403,0.001339444,-0.01609855,0.0174829
2,15.80859,-0.0006810427,0.9980206,2.298123,0.002399975,0.00363673,0.003612961,0.005660316
2,15.82926,-0.000447005,0.998156,2.298057,0.01131705,0.006542644,-0.003170445,0.01345115
2,15.84935,-7.18534E-05,0.9982437,2.298059,0.01867504,0.004367597,0.0001068162,0.01917927
2,15.86939,-2.293289E-05,0.9981429,2.298189,0.002441948,-0.00503117,0.006450371,0.008537158
2,15.88716,7.367134E-05,0.998102,2.298205,0.005436672,-0.00230113,0.0008989839,0.005971665
2,15.90531,0.0004750341,0.9980114,2.298395,0.02210695,-0.004990172,0.01049249,0.02497422
2,15.92302,0.0008394122,0.9980057,2.298422,0.02057866,-0.000323159,0.001535005,0.02063836
2,15.94448,0.0006730855,0.9979823,2.2982,-0.00774867,-0.001091284,-0.01035192,0.01297671
2,15.96364,0.0003447384,0.9978433,2.298242,-0.01713533,-0.007250727,0.002164953,0.01873178
2,15.98399,-6.765127E-06,0.9977068,2.29841,-0.01727434,-0.006710843,0.0082604,0.02028972
2,16.00454,-0.0004642457,0.9976939,2.29888,-0.02226703,-0.0006266478,0.02290746,0.03195254
2,16.02446,-0.001135573,0.9977639,2.299467,-0.03369964,0.003512685,0.02942996,0.04487903
2,16.04514,-0.003325984,0.9983948,2.300497,-0.1059429,0.03051814,0.04981612,0.120983
2,16.06544,-0.007931143,0.9997083,2.302991,-0.226778,0.06467988,0.1228436,0.2658991
2,16.08599,-0.01403064,1.000933,2.306797,-0.2968325,0.0595855,0.1851902,0.3549019
2,16.10684,-0.02375618,1.0025,2.311316,-0.466502,0.07519269,0.2168065,0.5198876
2,16.12671,-0.03401545,1.003663,2.316731,-0.5161716,0.05848997,0.2724294,0.5865765
2,16.14434,-0.04495054,1.003943,2.322653,-0.6205015,0.01591667,0.3360426,0.7058329
2,16.16174,-0.06177101,1.001905,2.332109,-0.9667154,-0.1171361,0.5434287,1.115157
2,16.1819,-0.07462695,1.001537,2.340503,-0.6377084,-0.01826611,0.4163893,0.7618305
2,16.20213,-0.09090024,1.000254,2.350352,-0.8043064,-0.06341465,0.486778,0.9422755
2,16.22206,-0.1047536,1.001188,2.35883,-0.6949938,0.04686917,0.425357,0.816175
2,16.24183,-0.1182651,1.002828,2.368119,-0.6834814,0.08296354,0.4698855,0.8335599
2,16.2622,-0.1308657,1.004931,2.378112,-0.6186576,0.1032567,0.4906125,0.7963038
2,16.28269,-0.1427355,1.006284,2.38817,-0.5791469,0.06600475,0.4907314,0.7619613
2,16.30283,-0.1529565,1.005582,2.399896,-0.5076616,-0.03486251,0.5824312,0.7734092
2,16.32309,-0.1632799,1.005132,2.41008,-0.5093892,-0.02221097,0.5025233,0.7158913
2,16.34311,-0.1721717,1.004683,2.418653,-0.4440973,-0.02240447,0.4281558,0.6172858
2,16.3632,-0.1801326,1.004253,2.426297,-0.3964575,-0.02146102,0.3806704,0.5500447
2,16.38092,-0.1861211,1.002894,2.433051,-0.3378511,-0.07663608,0.3810485,0.5149897
2,16.39886,-0.1914424,1.001524,2.440293,-0.2965831,-0.07637447,0.4036187,0.5066583
2,16.41897,-0.1951041,1.000431,2.448269,-0.1820946,-0.05434961,0.3966549,0.4398266
2,16.43869,-0.1985867,1.000827,2.45506,-0.1766543,0.02010596,0.3444922,0.3876672
2,16.45868,-0.1984168,1.002038,2.461799,0.008494299,0.06052709,0.3369703,0.3424685
2,16.47923,-0.1975705,1.002168,2.471873,0.04118888,0.00634166,0.4903095,0.4920774
2,16.4994,-0.1959033,1.001362,2.482704,0.08267479,-0.03996598,0.5370492,0.5448433
2,16.51933,-0.1960497,1.000252,2.492113,-0.007345495,-0.05567269,0.4719294,0.4752586
2,16.53982,-0.1975379,0.9989465,2.500796,-0.07264296,-0.06373389,0.4238646,0.4347415
2,16.56024,-0.1992019,0.9978467,2.509002,-0.08150984,-0.05387179,0.4019655,0.4136693
2,16.5805,-0.2008072,0.9966962,2.517411,-0.07921187,-0.05676983,0.4149336,0.4262244
2,16.6002,-0.1999673,0.9943284,2.5232,0.0426279,-0.1201786,0.2938061,0.3202843
2,16.61778,-0.1988462,0.9920406,2.526905,0.06375873,-0.1301142,0.2107618,0.2557644
2,16.63482,-0.1997105,0.990904,2.528764,-0.05072252,-0.06670076,0.1090634,0.1375376
2,16.65488,-0.2013918,0.9898916,2.52846,-0.08381467,-0.05047036,-0.01515448,0.0990041
2,16.67433,-0.2016924,0.9902886,2.530606,-0.01546259,0.02041853,0.110395,0.1133272
2,16.69419,-0.2008681,0.990781,2.531751,0.04149333,0.02478589,0.05761871,0.07520607
2,16.7145,-0.201321,0.9908904,2.532512,-0.02230433,0.005389675,0.03751637,0.04397738
3,25.34142,-0.001072794,1.000158,2.29945,0,0,0,0
3,25.3668,-0.001167119,1.000623,2.299258,-0.003716645,0.01834719,-0.007553068,0.02018617
3,25.38898,-0.001212031,1.001111,2.299145,-0.002024864,0.02198731,-0.00509508,0.02266058
3,25.41095,-0.0009413064,1.001484,2.299284,0.01232329,0.01695199,0.006327151,0.02189215
3,25.43292,-0.0008392334,1.001681,2.299635,0.004645402,0.00897885,0.01596119,0.01889336
3,25.45507,-0.0009224415,1.001765,2.299973,-0.003757149,0.003810977,0.01526544,0.01617632
3,25.47696,-0.001039758,1.001707,2.300091,-0.005357912,-0.002662283,0.005379009,0.008045415
3,25.50041,-0.0008680075,1.001859,2.299886,0.007327127,0.006484183,-0.008757461,0.01313105
3,25.51925,-0.0009845942,1.001897,2.299882,-0.006187563,0.00200558,-0.0002024561,0.006507632
3,25.53809,-0.001431108,1.001685,2.299747,-0.02369827,-0.01124926,-0.007136765,0.02718616
3,25.55971,-0.001592621,1.001277,2.299975,-0.007468842,-0.01883645,0.01055106,0.02284557
3,25.58226,-0.001471996,1.001108,2.300509,0.005350952,-0.007525044,0.02368036,0.02541689
3,25.60335,-0.001675844,1.001416,2.30247,-0.009662228,0.01460635,0.0929608,0.09459607
3,25.62563,-0.002063781,1.002806,2.309392,-0.01741908,0.06241268,0.3107787,0.3174621
3,25.64756,-0.001161784,1.004297,2.320315,0.04111537,0.06794509,0.4979271,0.5042206
3,25.66991,0.001806021,1.008418,2.337316,0.1328091,0.1844441,0.7607791,0.7940043
3,25.69122,0.003538191,1.01371,2.358075,0.08129852,0.2483855,0.9743177,1.008762
3,25.71321,0.003030062,1.017845,2.380094,-0.02309711,0.1879523,1.000884,1.018641
3,25.73548,0.002392054,1.021027,2.401204,-0.02865096,0.1429015,0.9479548,0.9590933
3,25.7571,0.0001227558,1.024312,2.424247,-0.1049872,0.151947,1.066072,1.081952
3,25.77658,-0.001226038,1.025529,2.442461,-0.0692424,0.06247085,0.9350432,0.9396823
3,25.796,-0.001123637,1.024808,2.46204,0.005272493,-0.03709773,1.008133,1.008829
3,25.81799,-0.0004360676,1.022788,2.482453,0.03126637,-0.09185166,0.9282308,0.9332882
3,25.83956,0.003234655,1.018596,2.499815,0.1701843,-0.1943685,0.8049533,0.8453943
3,25.86207,0.008150607,1.017687,2.511698,0.2183693,-0.04035581,0.5278398,0.5726505
3,25.88369,0.01336086,1.019327,2.518293,0.2410089,0.07583163,0.305069,0.3961096
3,25.90531,0.01691177,1.021909,2.520113,0.1642498,0.1194519,0.0841672,0.2198429
3,25.92685,0.01848114,1.023021,2.520696,0.0728627,0.05160537,0.0270978,0.09330797
3,25.94938,0.01980686,1.023767,2.518,0.05883149,0.03312148,-0.1196415,0.1373764
3,25.9711,0.02102968,1.025043,2.515554,0.05630648,0.05876151,-0.1126157,0.1389447
3,25.99219,0.02119794,1.026036,2.513663,0.007979926,0.04708241,-0.08970986,0.1016282
3,26.0143,0.02097046,1.026688,2.511328,-0.01028791,0.02948491,-0.1056044,0.1101249
3,26.03632,0.02181762,1.024677,2.511165,0.03846255,-0.09131643,-0.007382385,0.09936075
3,26.05842,0.02338949,1.021562,2.51334,0.07113955,-0.1409492,0.09842974,0.1860535
3,26.08066,0.02280942,1.01782,2.514606,-0.02608309,-0.1682697,0.05690467,0.179536
3,26.1029,0.02166742,1.016888,2.514794,-0.05135124,-0.04192901,0.008469424,0.06683355
3,26.12551,0.02053264,1.016997,2.515017,-0.05018876,0.004818923,0.009869829,0.05137653
3,26.1483,0.0182901,1.015315,2.516228,-0.09839004,-0.07377259,0.05313928,0.1339656
3,26.16765,0.0157744,1.013768,2.516724,-0.1300031,-0.07994269,0.025627,0.1547527
3,26.18756,0.01264045,1.013373,2.515838,-0.1574052,-0.01984816,-0.04452214,0.1647803
3,26.2098,0.01017639,1.014161,2.514347,-0.1108073,0.03541332,-0.06702048,0.1342539
3,26.23258,0.008978248,1.01418,2.513337,-0.05258957,0.0008476491,-0.04432891,0.06878541
3,26.25406,0.008178502,1.013875,2.512894,-0.03722741,-0.0142112,-0.02063149,0.044872
4,29.33032,0.000243634,0.9995526,2.297732,0,0,0,0
4,29.35464,0.000828743,0.9995621,2.298116,0.02405955,0.0003921487,0.01580359,0.02878835
4,29.37265,0.00121282,0.9998213,2.298062,0.0213246,0.01438904,-0.003018124,0.02590159
4,29.39111,0.001379728,0.9998484,2.29812,0.009040618,0.001465741,0.003163934,0.009689771
4,29.41243,0.001604632,1.000005,2.297818,0.01054972,0.007353283,-0.01416975,0.01913502
4,29.43447,0.002128854,1.000188,2.298102,0.02378852,0.00827662,0.01287474,0.02828701
4,29.45548,0.0021431,1.000184,2.298261,0.0006778541,-0.0001531553,0.007589697,0.007621446
4,29.47683,0.001484022,1.000013,2.298341,-0.03086512,-0.008005532,0.003740381,0.03210506
4,29.49906,0.0005694628,0.999481,2.298276,-0.04114426,-0.02394848,-0.002917472,0.04769582
4,29.52109,0.0002341866,0.9988393,2.298462,-0.0152226,-0.02913808,0.008432641,0.03393913
4,29.54459,0.0002149791,0.998547,2.298861,-0.0008172889,-0.01243496,0.01695193,0.02103959
4,29.56562,-3.492832E-05,0.9983765,2.299062,-0.01188377,-0.008106275,0.009602819,0.01729595
4,29.58727,-0.0008530319,0.9975197,2.299123,-0.03778036,-0.03957091,0.002807619,0.05478225
4,29.6087,-0.0007794648,0.9972962,2.299412,0.00343362,-0.01042953,0.01346463,0.01737415
5,46.00586,0.0007555783,1.000479,2.295928,0,0,0,0
5,46.0323,0.0006376207,0.9999581,2.295883,-0.004460774,-0.01971171,-0.001722098,0.02028338
5,46.05212,0.0006256551,0.999684,2.296069,-0.0006036024,-0.01382798,0.009405072,0.01673418
5,46.07578,0.0004331619,0.9996837,2.296268,-0.008137803,-1.007933E-05,0.008396085,0.01169266
5,46.0962,0.0006725043,0.9994341,2.296301,0.0117215,-0.01222796,0.001622999,0.01701619
5,46.11761,0.001165837,0.9995396,2.296435,0.02304098,0.004930145,0.006235756,0.02437371
5,46.13655,0.001579657,0.9998528,2.29632,0.02184601,0.01653534,-0.006041458,0.02805646
5,46.1554,0.002017587,1.000215,2.296371,0.02323915,0.01923404,0.002707505,0.03028757
5,46.17509,0.002300084,1.000384,2.29624,0.01434071,0.008562973,-0.006656728,0.01798034
5,46.19723,0.002335548,1.000563,2.296184,0.001602145,0.008099584,-0.002552662,0.008642118
5,46.21841,0.001905277,1.000484,2.296066,-0.02031669,-0.003743197,-0.005550064,0.02139119
5,46.24045,0.001729578,1.000309,2.29631,-0.007971887,-0.007929293,0.01108803,0.01579142
5,46.26251,0.001882315,1.000367,2.29619,0.006922605,0.00260425,-0.005478651,0.009204358
5,46.28486,0.002108008,1.000588,2.296286,0.01009695,0.00990362,0.004298502,0.01478199
5,46.30687,0.001930594,1.000595,2.296489,-0.008060757,0.0003087271,0.009240149,0.01226587
5,46.32949,0.001122758,1.000516,2.297142,-0.03572444,-0.003489875,0.028889,0.0460759
5,46.3512,0.0002084672,1.000703,2.298073,-0.04211632,0.008599398,0.04285421,0.06069775
5,46.37289,-0.002321184,1.002103,2.300294,-0.1165942,0.06454363,0.1024061,0.1680687
5,46.39216,-0.007367134,1.004246,2.303318,-0.2618308,0.1111815,0.1568813,0.3248514
5,46.41117,-0.0144625,1.007159,2.307904,-0.37324,0.1532397,0.2412505,0.4700982
5,46.43097,-0.02259386,1.011664,2.314182,-0.4106372,0.2275065,0.3170559,0.5664861
5,46.45164,-0.03247154,1.017615,2.322431,-0.4778984,0.2879156,0.3990676,0.6859572
5,46.47272,-0.04495654,1.027534,2.334615,-0.5924839,0.4707206,0.5782292,0.9523466
5,46.49407,-0.05551171,1.04094,2.346355,-0.4943113,0.6278093,0.5498076,0.9699364
5,46.51625,-0.07046518,1.056469,2.358811,-0.6742932,0.7002474,0.5616407,1.122701
5,46.53794,-0.08904734,1.070906,2.371201,-0.856396,0.6653504,0.571046,1.225642
5,46.55882,-0.1049183,1.085147,2.38553,-0.7603678,0.6822892,0.6864585,1.230814
5,46.58109,-0.1170538,1.10005,2.401107,-0.544843,0.6691079,0.6993579,1.110703
5,46.60218,-0.1278019,1.11478,2.414768,-0.509688,0.698499,0.6478253,1.080445
5,46.62365,-0.1408017,1.130717,2.424562,-0.6054136,0.7421892,0.4561493,1.060869
5,46.64523,-0.1511699,1.146091,2.431474,-0.4804874,0.7125101,0.3203075,0.9171345
5,46.66323,-0.1565784,1.158816,2.437644,-0.3003869,0.7067175,0.3426429,0.8408841
5,46.68211,-0.1614063,1.169735,2.445214,-0.255794,0.5785193,0.4011202,0.7490078
5,46.70274,-0.1665933,1.180381,2.45458,-0.2513636,0.5158898,0.4538522,0.7316474
5,46.72836,-0.1723846,1.190047,2.462618,-0.2260446,0.3772977,0.3137572,0.5402715
5,46.74912,-0.1736329,1.199821,2.468684,-0.06012863,0.4707963,0.2921891,0.55735
5,46.76997,-0.1720743,1.208787,2.474164,0.07475489,0.4300697,0.2628092,0.5095261
5,46.79113,-0.172396,1.215591,2.480664,-0.01520471,0.3216545,0.3073289,0.4451335
5,46.8121,-0.1723516,1.220416,2.486379,0.002117298,0.230021,0.272492,0.3566035
5,46.83331,-0.176367,1.223514,2.491242,-0.1892685,0.1460476,0.2291968,0.3311852
5,46.85431,-0.1832142,1.225512,2.495353,-0.3260824,0.09515987,0.1958039,0.3920768
5,46.87481,-0.1876603,1.226179,2.499089,-0.2168783,0.03253414,0.1822261,0.2851333
5,46.89642,-0.1908097,1.225226,2.503262,-0.1457511,-0.04411399,0.1931173,0.2459344
5,46.91465,-0.1945931,1.223038,2.507113,-0.2075685,-0.1200503,0.2112457,0.3195646
5,46.93371,-0.1991974,1.221984,2.509597,-0.2415373,-0.05529464,0.1303132,0.279963
5,46.95484,-0.2037852,1.221055,2.511422,-0.2170983,-0.04396063,0.08636433,0.2377456
5,46.97511,-0.2055509,1.220844,2.512601,-0.08711453,-0.0103984,0.05817928,0.1052706
5,46.9964,-0.2040592,1.218892,2.512354,0.07008004,-0.09168524,-0.01158177,0.1159807
5,47.01773,-0.2071312,1.217354,2.512025,-0.1439796,-0.07210854,-0.0154207,0.161764
5,47.0384,-0.2122279,1.215444,2.510434,-0.2465976,-0.09241732,-0.07701155,0.2743759
5,47.05914,-0.2161051,1.214863,2.508554,-0.1869911,-0.02803328,-0.09065398,0.2096895
5,47.08098,-0.215713,1.213885,2.508875,0.0179501,-0.04473814,0.01467987,0.05039053
5,47.10183,-0.2135018,1.212686,2.51148,0.1060671,-0.05752522,0.1249544,0.1737037
5,47.12313,-0.2117497,1.210734,2.51395,0.08224987,-0.09164307,0.1159865,0.1691637
5,47.14542,-0.2098661,1.209927,2.516348,0.08448628,-0.0361937,0.1075384,0.1414653
5,47.16357,-0.2094181,1.210477,2.516693,0.02468187,0.03032565,0.0189954,0.04347028
6,50.6732,-0.000193134,0.9972636,2.299045,0,0,0,0
6,50.69984,0.0007988065,0.9981847,2.298642,0.03723416,0.03457618,-0.01515141,0.05302321
6,50.72164,0.001002327,0.9984486,2.298676,0.009336339,0.0121021,0.001564032,0.01536471
7,53.7676,0.003468454,0.9993293,2.300875,0,0,0,0
7,53.793,0.003065467,0.9991513,2.300948,-0.01586775,-0.007008004,0.002872671,0.01758266
7,53.81433,0.002604157,0.9988564,2.300819,-0.02163257,-0.01383008,-0.006070926,0.02638362
7,53.83456,0.002522379,0.9985205,2.300632,-0.004041652,-0.01660259,-0.009238061,0.01942479
7,53.85381,0.002217874,0.9981915,2.300486,-0.01581615,-0.01708934,-0.007578751,0.02448742
7,53.87563,0.001783267,0.9979387,2.300252,-0.01991656,-0.01158419,-0.01072924,0.02541613
7,53.89737,0.001080737,0.9974371,2.300311,-0.03232327,-0.02307728,0.002698519,0.03980749
7,53.92112,0.001033917,0.9970013,2.300302,-0.001971661,-0.01835364,-0.0003714905,0.01846297
7,53.94245,0.001265407,0.9967399,2.300739,0.01084931,-0.01224956,0.02048204,0.0262159
7,53.96394,0.001566678,0.9967257,2.300717,0.0140232,-0.0006603071,-0.001020979,0.01407582
7,53.98617,0.001086906,0.9967425,2.30042,-0.02157678,0.0007559279,-0.01337081,0.02539503
7,54.00793,0.0008055717,0.9968206,2.300679,-0.01293168,0.00358635,0.01193441,0.01795886
7,54.03011,0.001610115,0.9981244,2.300852,0.03626161,0.05876594,0.007779939,0.06949005
7,54.05307,0.005093992,1.002909,2.302897,0.1517401,0.2084105,0.08907662,0.2727538
7,54.07498,0.01328373,1.010939,2.308656,0.3738326,0.3665056,0.2628889,0.5858223
7,54.09421,0.02539758,1.022445,2.317746,0.6299751,0.5983992,0.4727307,0.9891534
7,54.11287,0.03965734,1.037967,2.327725,0.7643154,0.8319392,0.5348697,1.249955
7,54.1349,0.05832401,1.061081,2.339584,0.8472719,1.049144,0.538272,1.452002
7,54.1572,0.07736233,1.085028,2.356465,0.8534607,1.073499,0.7567293,1.566344
7,54.17914,0.09802359,1.109304,2.377317,0.9419786,1.106813,0.9507003,1.736718
7,54.20097,0.1197277,1.130784,2.398867,0.9944471,0.9841772,0.9873834,1.712442
7,54.22329,0.1376192,1.149237,2.421457,0.8014719,0.8265985,1.011944,1.532858
7,54.2452,0.154421,1.166884,2.440504,0.7665812,0.8051586,0.8690167,1.41107
7,54.26805,0.1682035,1.184596,2.453471,0.6033571,0.7753882,0.5676647,1.134685
7,54.2899,0.1805648,1.19873,2.462963,0.5657504,0.6468821,0.4344119,0.9629349
7,54.31299,0.1900274,1.20727,2.473469,0.4097082,0.3697486,0.4549029,0.7152003
7,54.33497,0.1969272,1.208652,2.480274,0.31394,0.06287533,0.3095927,0.4453754
7,54.35477,0.2061975,1.208555,2.481076,0.4682662,-0.004877483,0.04054935,0.4700439
7,54.37442,0.217456,1.209449,2.480609,0.5728366,0.04548417,-0.02377623,0.5751312
7,54.39649,0.2233731,1.209478,2.481684,0.2681516,0.001312771,0.04871837,0.2725445
7,54.41891,0.2241273,1.208776,2.484002,0.03363376,-0.03130972,0.1033556,0.1131101
7,54.44201,0.2198096,1.204097,2.486247,-0.1869097,-0.2025654,0.09720334,0.292261
7,54.46474,0.2181808,1.20146,2.488019,-0.07164886,-0.1160058,0.07796646,0.1570658
7,54.48748,0.217951,1.198853,2.490072,-0.01010779,-0.1146607,0.09026884,0.1462796
7,54.50891,0.216422,1.196065,2.492877,-0.07133026,-0.1300584,0.1308926,0.1978284
7,54.53204,0.2152491,1.19305,2.496365,-0.05072896,-0.1303982,0.1508354,0.2057388
7,54.55584,0.2145648,1.190697,2.49871,-0.02875263,-0.09887813,0.09854251,0.142528
7,54.57736,0.2146641,1.190735,2.498564,0.004610398,0.001772431,-0.006790627,0.008397017
8,57.80254,0.0003853887,0.9956364,2.302647,0,0,0,0
8,57.82506,0.0003924668,0.9957092,2.30251,0.0003142979,0.003234291,-0.00606628,0.0068818
8,57.84418,0.0006555319,0.9960772,2.30179,0.01375331,0.01923625,-0.03768099,0.04448644
8,57.86431,0.0007103086,0.996524,2.301271,0.002721444,0.02219798,-0.02577524,0.03412506
8,57.88419,0.0006746054,0.9966793,2.301044,-0.001796106,0.007814112,-0.01144231,0.01397185
8,57.90456,0.0005828589,0.9967089,2.301087,-0.00450433,0.001454378,0.002153768,0.005200281
8,57.92459,0.0006357133,0.996641,2.30124,0.002639039,-0.003389756,0.007606862,0.008736094
8,57.94482,0.0005646944,0.9966754,2.301519,-0.00351035,0.001699934,0.0138116,0.01435175
8,57.965,0.0004912168,0.997025,2.301567,-0.003640408,0.01731981,0.00235065,0.01785368
8,57.98462,0.0002904385,0.9973555,2.301483,-0.01023314,0.01684207,-0.004253048,0.02016087
8,58.00663,0.0001716912,0.9975736,2.301436,-0.005394885,0.009911045,-0.002144685,0.01148622
8,58.02298,0.0006004423,0.9976922,2.301348,0.02623807,0.007255069,-0.005354672,0.02774428
8,58.04041,0.0008673519,0.9976811,2.301456,0.01531261,-0.0006326114,0.006182494,0.01652572
8,58.06016,0.0009751469,0.9977086,2.301687,0.005457091,0.001388035,0.01167157,0.01295886
8,58.0803,0.0007037073,0.9974958,2.30195,-0.0134785,-0.01056319,0.01304639,0.02152811
8,58.1003,0.0007745326,0.9977509,2.302468,0.003541137,0.01275495,0.02591519,0.02910027
8,58.12012,0.0002796352,0.9989291,2.303104,-0.02496216,0.05942456,0.03210839,0.07200928
8,58.14032,-0.001588598,1.002235,2.305572,-0.09251839,0.1637238,0.1222018,0.224273
8,58.16029,-0.004491776,1.008285,2.311346,-0.145353,0.30288,0.2890631,0.4431944
8,58.18052,-0.006639957,1.019652,2.320999,-0.1061648,0.5617584,0.4770987,0.7446252
8,58.20051,-0.008555591,1.037727,2.333485,-0.09586412,0.9045512,0.6248245,1.103544
8,58.22039,-0.01034492,1.057369,2.347758,-0.08996905,0.9875916,0.7176545,1.224116
8,58.24033,-0.01279092,1.078046,2.364336,-0.1227183,1.037422,0.8317102,1.335307
8,58.25773,-0.01426661,1.095763,2.378275,-0.08479086,1.01799,0.8009343,1.298072
8,58.27518,-0.01778796,1.113875,2.39466,-0.2018002,1.037938,0.9389618,1.414103
8,58.29473,-0.02008152,1.132246,2.413141,-0.1173457,0.9399061,0.94556,1.338386
8,58.31474,-0.02164909,1.149563,2.432344,-0.07833397,0.8653834,0.9596361,1.294576
8,58.33473,-0.02210432,1.165161,2.450531,-0.02277302,0.7803029,0.9097641,1.198775
8,58.35488,-0.02204713,1.180468,2.466365,0.002838345,0.7596529,0.785862,1.093005
8,58.37491,-0.02215365,1.193117,2.478412,-0.005315973,0.6313246,0.6012672,0.8718494
8,58.39479,-0.02107915,1.202156,2.488106,0.05407016,0.4548348,0.4877982,0.6691377
8,58.41495,-0.01792461,1.206769,2.497964,0.1564545,0.2287672,0.4889173,0.5620077
8,58.43544,-0.009741575,1.206335,2.507901,0.3992775,-0.02115504,0.4848734,0.6284682
8,58.45525,0.0002734661,1.20481,2.515743,0.5057795,-0.0769937,0.3960398,0.6469842
8,58.47532,0.006290972,1.202342,2.520439,0.2997542,-0.1229635,0.233896,0.3995997
8,58.49285,0.007614434,1.198413,2.522164,0.0755103,-0.2241776,0.09843137,0.256215
8,58.51014,0.006186873,1.191127,2.52058,-0.08253516,-0.4212548,-0.09158282,0.4389249
8,58.52999,0.006805062,1.187639,2.520514,0.03115043,-0.1757267,-0.003339852,0.1784975
8,58.55023,0.008102298,1.186075,2.520447,0.06407462,-0.07726992,-0.0032738,0.1004336
8,58.57001,0.006995589,1.186327,2.518337,-0.0559563,0.01273576,-0.1066839,0.1211394
8,58.58993,0.005333602,1.187914,2.515559,-0.08343471,0.07968391,-0.1394872,0.1810181
8,58.60992,0.005460173,1.191736,2.512578,0.006331625,0.19121,-0.1491204,0.242566
8,58.63015,0.006368726,1.193465,2.511395,0.04490276,0.08543397,-0.05847994,0.11285
8,58.65005,0.006064743,1.194239,2.511643,-0.01527472,0.03889363,0.0125073,0.04361724
9,63.73704,0.001557454,0.9974607,2.297657,0,0,0,0
9,63.7566,0.002581522,0.9979424,2.297594,0.05234528,0.02462645,-0.003192937,0.05793691
9,63.77302,0.002545401,0.9981941,2.297388,-0.002199728,0.0153255,-0.01253046,0.01991789
10,66.40607,0.000618726,1.000144,2.297822,0,0,0,0
10,66.43037,0.0001861006,1.000261,2.297622,-0.0178,0.004826287,-0.008240002,0.02019977
10,66.45006,-6.866455E-05,1.000426,2.297472,-0.01294098,0.00839873,-0.007629704,0.01721104
10,66.47161,-1.251698E-05,1.000567,2.29767,0.002604851,0.006525955,0.009191642,0.01156977
10,66.49315,-2.658367E-05,1.000446,2.297868,-0.0006530954,-0.005623262,0.009187614,0.01079166
10,66.515,-0.0003303289,1.000187,2.297995,-0.01390291,-0.01184039,0.005805612,0.01916223
10,66.53654,-0.0005964488,1.000176,2.297999,-0.01235193,-0.0005311765,0.000188125,0.01236478
10,66.55814,-0.0009515882,1.000342,2.297962,-0.01644613,0.007712078,-0.001700301,0.01824397
10,66.58105,-0.001014188,1.000015,2.298201,-0.002732767,-0.01428507,0.01041847,0.01789066
10,66.60331,-0.0005054474,0.9993072,2.298922,0.02285406,-0.03179393,0.03237765,0.05080821
10,66.62482,0.001189321,0.9982194,2.300539,0.07877918,-0.0505643,0.07518427,0.1200649
10,66.64816,0.003439426,0.9971871,2.302074,0.09638901,-0.04422091,0.06574282,0.1247736
10,66.66643,0.005199984,0.9962901,2.30315,0.09638914,-0.04910626,0.05893534,0.1231895
10,66.68535,0.006585851,0.9951822,2.304053,0.07325501,-0.05856683,0.04770035,0.1052221
10,66.70729,0.006937742,0.9938807,2.304561,0.01603381,-0.05929829,0.02315007,0.06564523
10,66.72847,0.006608412,0.9924531,2.305011,-0.01555214,-0.06741864,0.02125691,0.07238093
10,66.75011,0.006180972,0.9916785,2.304865,-0.01975038,-0.03579237,-0.006742052,0.04143219
