Trial	Time	PosX	PosY	PosZ	VelX	VelY	VelZ	Speed
1	8.998336	0.002919674	0.9987431	2.297876	0	0	0	0
1	9.030204	0.002744451	0.9990237	2.29777	-0.00549853	0.008804007	-0.003321844	0.01089858
1	9.052309	0.002126396	0.9988618	2.297766	-0.02795986	-0.007320782	-0.0001725709	0.0289029
1	9.074367	0.001609996	0.9986255	2.297697	-0.02341121	-0.01071694	-0.003156173	0.02594029
1	9.09739	0.001275688	0.9986881	2.297367	-0.01452009	0.002720858	-0.01433175	0.02058239
1	9.12073	0.0007476956	0.9985873	2.297319	-0.02262132	-0.004320861	-0.002053175	0.02312162
1	9.14043	0.0004644096	0.9983158	2.297482	-0.01437993	-0.01378161	0.008290146	0.0215741
1	9.161319	0.0004720986	0.9980088	2.297923	0.0003681078	-0.01469578	0.02112768	0.02573869
1	9.181255	0.0007890314	0.9977177	2.298419	0.01589695	-0.01459868	0.02485034	0.03291465
1	9.203512	0.001354456	0.9977942	2.298572	0.02540503	0.003433311	0.00689876	0.026548
1	9.225811	0.001622483	0.9978877	2.298282	0.01201937	0.004193783	-0.01302238	0.01821086
1	9.24921	0.001579523	0.9977152	2.298305	-0.001835978	-0.007371932	0.0009883586	0.007661139
1	9.271636	0.001119435	0.9975459	2.298195	-0.02051648	-0.007548492	-0.004890572	0.02240142
1	9.29486	-4.470348E-08	0.9971187	2.298478	-0.04820232	-0.01839627	0.01216495	0.05300823
1	9.317565	-0.002000555	0.9966784	2.29947	-0.08810998	-0.01939244	0.04371503	0.1002519
1	9.340308	-0.006520033	0.9964032	2.301691	-0.1987169	-0.01210003	0.09762841	0.2217343
1	9.362974	-0.01441127	0.9957866	2.305231	-0.3481546	-0.02720168	0.156173	0.3825462
1	9.386501	-0.02625123	0.9944879	2.309921	-0.5032519	-0.05520173	0.1993535	0.5441061
1	9.406281	-0.03641745	0.9933739	2.314031	-0.513991	-0.05631989	0.207789	0.5572566
1	9.426197	-0.0486449	0.9924408	2.318961	-0.6139231	-0.0468502	0.2475534	0.6636108
1	9.449339	-0.06232226	0.9913701	2.325063	-0.5910265	-0.04626876	0.2636938	0.6488355
1	9.471631	-0.0756135	0.9895849	2.33206	-0.5962363	-0.08008374	0.3138643	0.678544
1	9.495544	-0.08936971	0.9871457	2.34085	-0.5752297	-0.1019951	0.3675532	0.6902084
1	9.51753	-0.1021135	0.9854753	2.34938	-0.5796339	-0.07597654	0.3879588	0.7016124
1	9.540403	-0.1142483	0.9858936	2.35831	-0.5305313	0.01828825	0.3904274	0.6589624
1	9.563257	-0.1238597	0.9895785	2.367103	-0.4205625	0.161241	0.3847689	0.5923838
1	9.586044	-0.1311224	0.9921098	2.376738	-0.3187186	0.1110808	0.4228115	0.5410084
1	9.608656	-0.1388108	0.9948991	2.386529	-0.3400248	0.1233595	0.4330301	0.5642247
1	9.632034	-0.1452982	0.9988908	2.396569	-0.2774976	0.1707452	0.4294368	0.5390499
1	9.651968	-0.1499059	1.003327	2.404193	-0.2311424	0.2225535	0.38246	0.4992319
1	9.6717	-0.1547615	1.006142	2.410953	-0.2460938	0.1426715	0.3426315	0.4453242
1	9.691242	-0.1606525	1.008559	2.41739	-0.3014391	0.1236371	0.3293656	0.4632854
1	9.714419	-0.1668387	1.011295	2.424521	-0.2669118	0.1180577	0.3076814	0.4240841
1	9.737174	-0.1703891	1.014961	2.430912	-0.156027	0.1611348	0.2808622	0.3594335
1	9.760422	-0.1735046	1.017797	2.438544	-0.1340152	0.1219968	0.3282852	0.374986
1	9.783832	-0.1765732	1.019246	2.445807	-0.1310775	0.06186024	0.3102789	0.3424631
1	9.805543	-0.1793043	1.019997	2.453415	-0.1257937	0.03461859	0.3504137	0.3739148
1	9.829134	-0.1822492	1.018482	2.46031	-0.1248292	-0.06421539	0.292274	0.3242376
1	9.851605	-0.1863733	1.016135	2.465739	-0.1835311	-0.1044604	0.2415676	0.3208591
1	9.874394	-0.1904323	1.015073	2.47085	-0.1781072	-0.04661264	0.2243014	0.2901828
1	9.89728	-0.1933268	1.016284	2.473191	-0.126483	0.05292426	0.1022543	0.1710405
1	9.917378	-0.1957575	1.016356	2.476917	-0.1209397	0.003594339	0.1854228	0.2214068
1	9.936803	-0.1989271	1.015965	2.480075	-0.163172	-0.02012935	0.162569	0.2312119
1	9.959243	-0.2012552	1.01611	2.483729	-0.1037472	0.00644386	0.1628336	0.1931833
1	9.981582	-0.2026577	1.016793	2.48642	-0.06278386	0.03059413	0.1204447	0.1392291
1	10.00382	-0.2041868	1.017064	2.489365	-0.0687648	0.01219638	0.1324607	0.1497438
1	10.02553	-0.2057478	1.017001	2.491445	-0.07189623	-0.002920814	0.09578294	0.1197997
1	10.049	-0.2059776	1.017205	2.492246	-0.009787072	0.008705263	0.03414048	0.03656694
2	13.2476	-0.0005736202	1.000533	2.300108	0	0	0	0
2	13.2738	-0.001062691	1.000562	2.29982	-0.01866833	0.001128484	-0.01098452	0.02168962
2	13.29527	-0.001450479	1.000506	2.299719	-0.01806075	-0.002603902	-0.004730329	0.01885065
2	13.31778	-0.001000464	1.00074	2.299637	0.01999454	0.01036538	-0.003644038	0.02281451
2	13.33957	-0.0005670041	1.000937	2.299288	0.01989443	0.009076933	-0.01599816	0.02709465
2	13.36181	-0.0002185255	1.001031	2.299493	0.01566928	0.004218498	0.009208869	0.01865812
2	13.38468	-0.0001242608	1.001136	2.299359	0.00412153	0.004591929	-0.005848064	0.008501333
2	13.40737	0.0003150105	1.001198	2.299479	0.01935713	0.002731628	0.005305662	0.02025612
2	13.42968	0.0002562404	1.001197	2.299214	-0.002634336	-6.412176E-05	-0.01190527	0.01219341
2	13.4532	-3.71635E-05	1.001057	2.29883	-0.01247503	-0.005945436	-0.01634108	0.02140106
2	13.47316	-0.0001977533	1.000893	2.298878	-0.008046509	-0.008230928	0.002425078	0.01176331
2	13.49243	-0.0007095635	1.001095	2.298799	-0.02654934	0.01048771	-0.004106038	0.02883954
2	13.51457	-0.0001675189	1.002232	2.299352	0.02448923	0.05137514	0.02497934	0.0621538
2	13.53665	0.001351893	1.00519	2.300255	0.06882111	0.1339786	0.04092847	0.1560825
2	13.55877	0.005555525	1.011524	2.304029	0.1899655	0.28622	0.1705576	0.3835344
2	13.58181	0.01151429	1.019014	2.308625	0.2586371	0.3251374	0.1994557	0.4608579
2	13.60421	0.02281286	1.032689	2.317755	0.5044544	0.6105234	0.407633	0.8907175
2	13.62675	0.03377543	1.047387	2.327937	0.4863696	0.6520927	0.451734	0.9305073
2	13.64904	0.0449324	1.063172	2.341055	0.5006018	0.708267	0.588625	1.0482
2	13.67217	0.0569631	1.079157	2.356317	0.5199814	0.6908758	0.6596267	1.087565
2	13.69464	0.07219432	1.09779	2.372762	0.6779254	0.8293406	0.7319671	1.297368
2	13.7174	0.08815455	1.116217	2.385133	0.7013082	0.8097115	0.5435861	1.201229
2	13.73672	0.1015926	1.131843	2.393331	0.6957051	0.8090016	0.4244104	1.148309
2	13.75661	0.115674	1.146885	2.401947	0.7079569	0.7562252	0.4331527	1.122809
2	13.7788	0.1289621	1.161473	2.410116	0.5986107	0.6571918	0.3680106	0.9621162
2	13.80066	0.1403878	1.172229	2.418911	0.5228335	0.4921896	0.4024665	0.8231553
2	13.82367	0.1510182	1.182689	2.427595	0.4620224	0.4545824	0.377431	0.7500426
2	13.84583	0.1611331	1.19272	2.435192	0.4564401	0.4526664	0.3427974	0.728529
2	13.86858	0.1681022	1.19988	2.443001	0.3063473	0.3147473	0.343275	0.5574515
2	13.89123	0.1762464	1.205059	2.452349	0.359502	0.2286289	0.412656	0.5931255
2	13.91356	0.1863389	1.205458	2.462699	0.451886	0.01784334	0.463425	0.6475199
2	13.9367	0.1988364	1.203076	2.472481	0.5401948	-0.1029411	0.4228016	0.6936631
2	13.95934	0.2106214	1.201898	2.479661	0.5205047	-0.05204027	0.3171171	0.6117162
2	13.97975	0.2171372	1.202472	2.480395	0.319259	0.02814201	0.03598066	0.3225103
2	13.99882	0.2208831	1.203711	2.48055	0.1963823	0.0649462	0.008099527	0.2070015
2	14.02164	0.219573	1.205031	2.479922	-0.05741614	0.05783932	-0.02750124	0.08601348
2	14.04356	0.2155217	1.204406	2.480705	-0.1848449	-0.02850619	0.03570209	0.1904072
2	14.06588	0.2154391	1.20303	2.483345	-0.003699485	-0.06167011	0.1182767	0.1334401
2	14.08891	0.2148624	1.200248	2.486677	-0.02504047	-0.1207926	0.144684	0.190135
2	14.11154	0.2132189	1.198072	2.487482	-0.07260752	-0.09611572	0.03557071	0.1256
2	14.13419	0.2131206	1.198049	2.487184	-0.004341179	-0.001005506	-0.01316107	0.01389499
3	17.29906	0.001549438	0.9989583	2.300121	0	0	0	0
3	17.32357	0.001593396	0.998876	2.300089	0.001793863	-0.003361516	-0.001313472	0.004030254
3	17.34384	0.0014676	0.9987954	2.30033	-0.006207255	-0.003973467	0.01190569	0.01400229
3	17.36449	0.001373559	0.9986766	2.300552	-0.004553393	-0.005754692	0.01073594	0.01300424
3	17.38582	0.001242802	0.9985309	2.30056	-0.006129161	-0.006831134	0.0003911488	0.009186077
3	17.40705	0.001452073	0.9983454	2.300622	0.009858713	-0.008735534	0.0029315	0.01349435
3	17.42805	0.001365528	0.998211	2.300579	-0.004122119	-0.006401775	-0.002055382	0.007886646
3	17.44872	0.001514986	0.9982512	2.300362	0.007227732	0.001942768	-0.01050363	0.01289731
3	17.46745	0.001522362	0.9983973	2.299909	0.0003938928	0.007801464	-0.02420332	0.02543263
3	17.48552	0.001702905	0.9985596	2.299569	0.009993107	0.008983569	-0.01879192	0.02310202
3	17.50639	0.00230138	0.9987882	2.299383	0.02867703	0.01095587	-0.008945195	0.0319753
3	17.52764	0.002688587	0.9991761	2.299221	0.01821755	0.0182505	-0.007605309	0.02688495
3	17.54814	0.003457293	0.9995594	2.299345	0.03750317	0.01869815	0.00607181	0.04234354
3	17.56934	0.00513652	1.002164	2.299233	0.07919499	0.122826	-0.005284772	0.1462395
3	17.5902	0.007772252	1.006482	2.299783	0.1263486	0.2070139	0.0263439	0.2439523
3	17.61092	0.01381637	1.015327	2.303983	0.2916835	0.4268442	0.2026986	0.5553035
3	17.63106	0.02090155	1.026139	2.311204	0.3518363	0.5369056	0.3585922	0.7352856
3	17.65207	0.03277928	1.040263	2.321861	0.5652536	0.6721538	0.5071406	1.014147
3	17.67204	0.04506612	1.05496	2.333572	0.6152496	0.7359273	0.586409	1.124276
3	17.69025	0.05643536	1.068585	2.346045	0.6243338	0.7481822	0.6849778	1.191119
3	17.70812	0.06731105	1.081611	2.360919	0.6087434	0.7291158	0.832486	1.263017
3	17.7284	0.07942125	1.095965	2.378302	0.5970029	0.7076043	0.856967	1.26155
3	17.74875	0.09239177	1.109332	2.393644	0.6375507	0.6570653	0.754106	1.18612
3	17.7698	0.1044706	1.123448	2.406057	0.5737422	0.6705215	0.5896168	1.061333
3	17.79042	0.1159908	1.139166	2.414666	0.5587574	0.7623171	0.417547	1.033287
3	17.81131	0.1250936	1.154739	2.419501	0.4357925	0.7455617	0.231481	0.8940699
3	17.83162	0.1333089	1.166861	2.427582	0.4044883	0.5968535	0.3978867	0.8235039
3	17.85211	0.141899	1.17558	2.436529	0.4191073	0.425396	0.4364989	0.7396919
3	17.87201	0.1519555	1.184121	2.44424	0.5053976	0.4292244	0.3875331	0.7680118
3	17.89273	0.162032	1.193398	2.450345	0.4863985	0.4477929	0.2947116	0.7238487
3	17.91254	0.1704755	1.200867	2.45516	0.4262351	0.3770864	0.2430583	0.6188278
3	17.93042	0.1768229	1.205131	2.460518	0.3549216	0.2383986	0.299583	0.5220663
3	17.94766	0.1836936	1.208819	2.466335	0.3986852	0.2140156	0.3375662	0.5645383
3	17.96845	0.1910224	1.210105	2.474141	0.3524948	0.06186086	0.3754195	0.5186706
3	17.98824	0.1981213	1.212464	2.480679	0.3586476	0.1191635	0.3303286	0.5019413
3	18.00815	0.2030444	1.212164	2.486715	0.2472349	-0.0150863	0.3031388	0.3914663
3	18.02811	0.2073442	1.213063	2.49159	0.2154016	0.04506373	0.2442256	0.3287472
3	18.04831	0.2105776	1.21549	2.492239	0.1601208	0.1201727	0.03211375	0.2027596
3	18.06906	0.215721	1.217894	2.490943	0.2478835	0.1158765	-0.06246263	0.2806691
3	18.08929	0.2202636	1.220821	2.48927	0.2245646	0.1446765	-0.08271605	0.2796471
3	18.10931	0.222026	1.221048	2.489248	0.08801375	0.01136477	-0.001107306	0.08875137
3	18.1296	0.2200382	1.218309	2.492102	-0.09795112	-0.1349982	0.1406609	0.2181844
3	18.14753	0.2184562	1.21556	2.494739	-0.08827792	-0.1533863	0.1471598	0.2301659
3	18.16505	0.2174103	1.214204	2.496066	-0.0596965	-0.07739317	0.07569902	0.1236273
3	18.18543	0.2170498	1.21366	2.496021	-0.01768745	-0.02668799	-0.002175747	0.03209094
4	21.33266	0.0004222542	1.000345	2.300769	0	0	0	0
4	21.3615	0.0006716996	1.000623	2.300325	0.008648328	0.009654716	-0.01539134	0.02012214
4	21.38341	0.001304269	1.000969	2.300164	0.02886888	0.01579897	-0.007355441	0.03372124
4	21.40681	0.001473382	1.001155	2.300101	0.007227866	0.00793798	-0.00271053	0.01107251
4	21.43024	0.001421034	1.001027	2.300213	-0.002234001	-0.005448597	0.004782148	0.007585968
4	21.44951	0.001122668	1.000804	2.300478	-0.01548602	-0.01159498	0.01378528	0.02375488
4	21.47021	0.0008782148	1.00058	2.300718	-0.01181049	-0.01079899	0.01158803	0.01975825
4	21.49266	0.0007970184	1.000478	2.300732	-0.003616187	-0.004555241	0.0005946236	0.005846419
4	21.51586	0.0007061958	1.000407	2.300689	-0.003915222	-0.003057663	-0.001850015	0.005301021
4	21.53835	0.0009055436	1.000266	2.300612	0.008862971	-0.006264633	-0.003413218	0.01137752
4	21.56139	0.0008946061	1.000123	2.300648	-0.0004747488	-0.006204074	0.00157301	0.006417965
4	21.58454	0.001582459	1.000193	2.30061	0.02970759	0.003017031	-0.00166812	0.02990695
4	21.60797	0.003390223	1.000889	2.300621	0.07716255	0.02969038	0.0004986559	0.08267906
4	21.6301	0.006536767	1.001603	2.302182	0.1422045	0.03227668	0.07054429	0.1619889
4	21.65347	0.01263505	1.001904	2.308192	0.2609216	0.01288895	0.257116	0.3665444
4	21.67584	0.02262157	1.002538	2.318389	0.4463508	0.02831352	0.4557762	0.638563
4	21.69919	0.03404151	1.003703	2.330264	0.489043	0.04988579	0.5085166	0.707277
4	21.71912	0.04380648	1.004432	2.341247	0.4900789	0.03660882	0.5512083	0.7384769
4	21.73997	0.06152751	1.002825	2.364002	0.8497867	-0.07707573	1.091214	1.385217
4	21.76242	0.07778272	0.9992232	2.386583	0.7240114	-0.160414	1.005736	1.249572
4	21.78427	0.09477198	0.9955683	2.407342	0.7778681	-0.1673426	0.9504737	1.239549
4	21.80724	0.1127554	0.9942556	2.425425	0.7829213	-0.05715062	0.7872691	1.111766
4	21.83015	0.1302221	0.9936596	2.440649	0.7621546	-0.02600575	0.6642742	1.011344
4	21.85312	0.1450555	0.9951008	2.451288	0.6459532	0.06275963	0.4633399	0.7974197
4	21.87571	0.157939	0.9964324	2.460458	0.5702816	0.05894084	0.4058844	0.7024509
4	21.89794	0.1705449	0.9977825	2.468884	0.5670372	0.06073314	0.3789949	0.6847312
4	21.92009	0.1804596	0.9995291	2.475441	0.4475043	0.07883311	0.295984	0.5422926
4	21.94225	0.1881971	1.001512	2.479341	0.3492929	0.08950961	0.1760271	0.4012519
4	21.96227	0.1956619	1.003451	2.483229	0.3727712	0.09684925	0.1941628	0.4313205
4	21.98159	0.2000272	1.005189	2.486542	0.2259423	0.08994809	0.1714801	0.2975668
4	22.00451	0.2029351	1.00532	2.49196	0.1268697	0.005715888	0.2364058	0.2683585
4	22.02662	0.2021759	1.002133	2.498462	-0.03433794	-0.1441694	0.2940429	0.3292798
4	22.04842	0.2033389	0.9973506	2.504306	0.0533647	-0.2194127	0.2681513	0.3505636
4	22.07124	0.2079298	0.9938787	2.507832	0.2011494	-0.1521253	0.1544809	0.2957492
4	22.09371	0.2023876	1.004946	2.496943	-0.2466822	0.4926017	-0.484656	0.7337574
4	22.11687	0.2074322	1.012844	2.493693	0.2177777	0.3409494	-0.1403074	0.4282053
4	22.14038	0.2057805	1.015817	2.493796	-0.07026496	0.1264876	0.004412003	0.144761
4	22.16279	0.2045994	1.017123	2.492228	-0.05270459	0.05827932	-0.06999263	0.1052294
4	22.18572	0.201684	1.019735	2.489481	-0.1271518	0.1138926	-0.1197885	0.2085387
4	22.20879	0.1977274	1.026053	2.483542	-0.1714744	0.273829	-0.2573792	0.4130737
4	22.22886	0.1946479	1.028366	2.481125	-0.1534773	0.115291	-0.1204659	0.2266259
4	22.2488	0.1934476	1.027224	2.48193	-0.0601713	-0.0572424	0.04032485	0.0923221
4	22.27102	0.1942951	1.022502	2.485469	0.03814524	-0.2125606	0.1593091	0.2683589
4	22.29358	0.1951971	1.018853	2.489654	0.03998588	-0.1617404	0.1855121	0.2493462
4	22.31679	0.1949357	1.014551	2.49373	-0.01126008	-0.1853801	0.175641	0.2556215
4	22.33947	0.1947384	1.012609	2.495593	-0.008699073	-0.08560713	0.08214878	0.118965
4	22.36293	0.1948695	1.011477	2.495319	0.0055853	-0.04824378	-0.01170532	0.04995671
5	25.07147	-0.00191249	0.9995154	2.301433	0	0	0	0
5	25.09451	-0.001739338	0.9998639	2.301013	0.007515386	0.01512649	-0.01824389	0.02486225
5	25.11284	-0.001570091	1.000003	2.300917	0.009233556	0.007599514	-0.005202919	0.01304153
5	25.13432	-0.00186263	0.9998419	2.300745	-0.01361827	-0.007508364	-0.00802446	0.01749928
5	25.15899	-0.002319068	0.9995081	2.301104	-0.01849872	-0.01353026	0.01456176	0.02715355
5	25.18031	-0.002206638	0.9991567	2.301079	0.005273813	-0.01648477	-0.001185472	0.01734838
5	25.20229	-0.001705498	0.998868	2.301438	0.02279841	-0.01312954	0.01635634	0.03097874
5	25.22444	-0.001143053	0.9987327	2.301275	0.02539355	-0.006111406	-0.007373515	0.02713946
5	25.24634	-0.000886485	0.9983613	2.301206	0.01171919	-0.01696145	-0.00313637	0.02085346
5	25.26844	-0.001006261	0.9977859	2.301632	-0.005419242	-0.02603771	0.01927681	0.03284701
5	25.291	-0.001117408	0.9971566	2.301797	-0.004926588	-0.02789377	0.007312935	0.02925428
5	25.31296	-0.001027957	0.9964943	2.302055	0.004072668	-0.03015253	0.01174513	0.03261457
5	25.33524	-0.000686124	0.9955516	2.302038	0.01534699	-0.04232129	-0.0007706943	0.04502461
5	25.35376	-0.0004344732	0.9933195	2.303507	0.01358358	-0.1204892	0.07930084	0.1448819
5	25.37292	-0.00031133	0.9903923	2.305719	0.006426494	-0.1527614	0.115428	0.191575
5	25.39482	-0.0002031624	0.9837937	2.311617	0.004939517	-0.3013248	0.2693456	0.4041882
5	25.41672	-0.0008878708	0.9731334	2.321279	-0.03126337	-0.4867451	0.4411462	0.6576535
5	25.43808	-0.002174348	0.9590656	2.333836	-0.06024298	-0.6587666	0.5880079	0.885074
5	25.46026	-0.003321618	0.9421168	2.348282	-0.05172124	-0.764084	0.6512555	1.005303
5	25.48164	-0.004962951	0.921769	2.364607	-0.07676489	-0.9516622	0.7635286	1.22251
5	25.50323	-0.004783422	0.8981568	2.380635	0.008316041	-1.09375	0.7424248	1.32195
5	25.52498	-0.006022245	0.8743656	2.393624	-0.05696025	-1.093903	0.5972276	1.247618
5	25.54666	-0.006379664	0.8538899	2.403468	-0.01648377	-0.9443154	0.4539861	1.047906
5	25.56829	-0.004860401	0.8363829	2.412241	0.07023544	-0.8093512	0.4056014	0.908017
5	25.58705	-0.003964156	0.8239436	2.419492	0.04779312	-0.6633348	0.3866423	0.7692785
5	25.60618	-0.002746761	0.8137016	2.42595	0.0636277	-0.5353019	0.337545	0.6360293
5	25.62845	-0.002786815	0.8070238	2.431959	-0.001798448	-0.2998351	0.2698101	0.4033631
5	25.65011	-0.001476139	0.8049294	2.438573	0.06050439	-0.09668265	0.3052968	0.3259056
5	25.67155	0.0006973147	0.8009803	2.445592	0.1013742	-0.1841942	0.3273934	0.3890896
5	25.69391	0.002521038	0.7960951	2.451862	0.08157025	-0.2185044	0.2804586	0.3647669
5	25.71531	0.00226289	0.7947847	2.456489	-0.01206332	-0.06123574	0.2161871	0.225016
5	25.73729	0.001605153	0.7949507	2.461453	-0.02992422	0.007554949	0.2258566	0.2279556
5	25.75931	-2.31564E-05	0.79613	2.466446	-0.07393812	0.05354853	0.2267199	0.2444099
5	25.78148	-0.001016855	0.7979656	2.471165	-0.04482946	0.08281276	0.2128818	0.2327795
5	25.80299	-3.522635E-05	0.7986931	2.476122	0.04562957	0.03381281	0.2304502	0.237345
5	25.82253	0.001590818	0.7982764	2.48063	0.083226	-0.02132474	0.2306977	0.2461763
5	25.84316	0.003131717	0.7970986	2.484509	0.07469107	-0.05709308	0.1880394	0.2102313
5	25.86119	0.003538847	0.7952256	2.487305	0.02257579	-0.1038609	0.1550245	0.187961
5	25.88226	0.002852798	0.7927529	2.489536	-0.03256064	-0.1173569	0.1059027	0.1613946
5	25.90457	0.001548201	0.7900686	2.491109	-0.05849632	-0.1203574	0.07052432	0.151266
5	25.92645	0.0002185106	0.7886003	2.492394	-0.06076251	-0.06709656	0.05874558	0.1079123
5	25.94782	-0.0001752377	0.7882516	2.492935	-0.01842364	-0.01631522	0.02530114	0.03529539
6	29.84347	-0.00311996	1.000348	2.297534	0	0	0	0
6	29.86889	-0.002922878	1.000234	2.297704	0.007751778	-0.004482504	0.006648736	0.01115296
6	29.88962	-0.002798453	1.00029	2.29785	0.006002272	0.002697069	0.007073336	0.009660929
6	29.91197	-0.002447486	1.000469	2.298069	0.01570653	0.008034315	0.009805492	0.02018397
6	29.93467	-0.002177849	1.000484	2.298122	0.01187517	0.0006615184	0.002341565	0.01212189
6	29.95633	-0.002040952	1.000337	2.298607	0.006320383	-0.006808154	0.0223783	0.02422987
6	29.97916	-0.001733497	1.000292	2.298576	0.01346759	-0.001968606	-0.001368103	0.01367929
6	29.99801	-0.001425922	1.00034	2.2988	0.01631835	0.002561478	0.01190297	0.02036002
6	30.01667	-0.0012068	1.000655	2.298777	0.01174291	0.01687849	-0.001264928	0.02060047
6	30.03845	-0.001192704	1.000907	2.298723	0.0006470588	0.01156771	-0.002473324	0.01184686
6	30.05995	-0.001384929	1.00077	2.298801	-0.008941404	-0.00639345	0.003637557	0.01157829
6	30.0818	-0.001550093	1.000536	2.299186	-0.007560849	-0.01069597	0.0176156	0.02195176
6	30.10316	-0.001564041	1.000283	2.299475	-0.0006530334	-0.0118439	0.01355184	0.01800991
6	30.1258	-0.001711518	1.000162	2.299595	-0.006511433	-0.005352836	0.005273886	0.009943112
6	30.1482	-0.001912817	0.9998114	2.299522	-0.008988965	-0.01564768	-0.00324718	0.01833564
6	30.16953	-0.002256289	0.9994533	2.299607	-0.01610102	-0.01678418	0.004001155	0.02360002
6	30.19147	-0.002387211	0.9993153	2.299822	-0.005967419	-0.006292075	0.009780427	0.01307123
6	30.21342	-0.002122909	0.9996384	2.299937	0.01203813	0.01471968	0.005266723	0.01973129
6	30.23574	-0.0005875528	1.002325	2.300029	0.06878804	0.1203624	0.004091125	0.1386926
6	30.25494	0.002678171	1.006011	2.300781	0.1701004	0.1920073	0.03916767	0.25949
6	30.27394	0.007677585	1.01226	2.303915	0.2631091	0.3288822	0.1649367	0.4523207
6	30.29565	0.01302406	1.02193	2.310634	0.246353	0.4455552	0.3096118	0.5958765
6	30.31838	0.02092409	1.034662	2.32177	0.3475122	0.5600814	0.4898608	0.8212305
6	30.34012	0.03494492	1.051085	2.333789	0.6448938	0.7553381	0.552826	1.13668
6	30.36236	0.05007523	1.071885	2.346408	0.6804116	0.9354206	0.5674677	1.288406
6	30.38405	0.06346555	1.093102	2.357796	0.6172929	0.9780855	0.5249671	1.270154
6	30.40615	0.07601908	1.114119	2.3728	0.5681975	0.951269	0.6791179	1.299601
6	30.4288	0.08956604	1.132995	2.387861	0.5980469	0.8333073	0.6648712	1.22234
6	30.45087	0.1048921	1.152035	2.405208	0.6943368	0.8625647	0.7859291	1.357868
6	30.47273	0.1200107	1.167383	2.422729	0.6917146	0.7022411	0.8016372	1.270525
6	30.49284	0.1331528	1.177835	2.437843	0.6534544	0.5196813	0.7514825	1.123298
6	30.51213	0.1460426	1.183677	2.452492	0.6680604	0.3028007	0.7592106	1.055649
6	30.53403	0.1594749	1.186744	2.468101	0.6134118	0.1400605	0.7128125	0.9507853
6	30.55618	0.1707092	1.186391	2.479242	0.5071094	-0.01596553	0.5029223	0.7143849
6	30.57869	0.1765208	1.187478	2.482296	0.2582691	0.04834699	0.1356958	0.2957258
6	30.60058	0.1790171	1.18867	2.484065	0.1140166	0.05443155	0.08082245	0.1499828
6	30.62254	0.1799863	1.187702	2.484893	0.04414297	-0.04409749	0.03772339	0.07291258
6	30.64549	0.1825162	1.184814	2.486794	0.1102316	-0.125835	0.08279578	0.1866564
6	30.66747	0.1854924	1.18225	2.489242	0.1353981	-0.1166306	0.1113809	0.2105732
6	30.68959	0.1862845	1.183425	2.489178	0.03581073	0.05309664	-0.002867175	0.06410836
6	30.71248	0.1859065	1.188716	2.484439	-0.01651454	0.2311202	-0.2070266	0.3107238
6	30.73512	0.1867512	1.19316	2.479977	0.03731445	0.1963264	-0.1971005	0.2806868
6	30.75542	0.1845236	1.194264	2.478796	-0.1097046	0.05435256	-0.05816863	0.1355467
6	30.77499	0.18194	1.193539	2.480165	-0.1320066	-0.03702659	0.06994791	0.1539137
6	30.79737	0.1781498	1.190605	2.482575	-0.1693919	-0.1311353	0.1077042	0.2397713
6	30.81919	0.1764242	1.187547	2.483914	-0.07907371	-0.1401312	0.06135792	0.1722039
6	30.84179	0.1749143	1.185157	2.484779	-0.06682542	-0.1057546	0.03830466	0.1308317
6	30.86317	0.1724409	1.183933	2.486556	-0.11569	-0.0572801	0.08309043	0.1535226
6	30.88481	0.1701346	1.183784	2.487558	-0.1065622	-0.006863075	0.04630097	0.1163889
6	30.90767	0.1687966	1.185574	2.486395	-0.0585352	0.07827552	-0.05087648	0.11019
6	30.9298	0.1671185	1.187489	2.484494	-0.07583887	0.08656602	-0.08589797	0.1436094
6	30.95189	0.1649872	1.188662	2.484197	-0.09644407	0.05309687	-0.01346437	0.1109145
6	30.97346	0.1629916	1.189308	2.484327	-0.09251919	0.02991189	0.006057545	0.09742288
6	30.99281	0.1616633	1.189433	2.484851	-0.06866267	0.006488612	0.02708826	0.07409748
6	31.01295	0.160882	1.189235	2.484653	-0.03880021	-0.009815118	-0.009838798	0.04121401
7	34.14685	-0.0004057884	0.9979486	2.299683	0	0	0	0
7	34.1723	-0.0005032718	0.9979937	2.299762	-0.003830735	0.001773076	0.003110496	0.005243426
7	34.19275	-0.0007141382	0.9978788	2.299714	-0.01031207	-0.005619862	-0.002343552	0.01197555
7	34.2132	-0.0006212741	0.997879	2.299465	0.004540385	1.165696E-05	-0.01216986	0.01298926
7	34.2352	-0.0001459718	0.9978749	2.299361	0.02160534	-0.0001896572	-0.004703498	0.0221122
7	34.25631	-8.639693E-05	0.9977419	2.299269	0.002821927	-0.00629887	-0.004393116	0.008181595
7	34.2769	-0.0002343953	0.9976062	2.299571	-0.007189481	-0.006590116	0.01466272	0.01761004
7	34.29615	-0.0002316684	0.9979076	2.29964	0.0001415908	0.01564772	0.003614822	0.01606046
7	34.31462	0.0001619905	0.9981927	2.299459	0.02131723	0.01543801	-0.009825066	0.02809427
7	34.33553	0.0009155571	0.9984174	2.299142	0.03604409	0.01074815	-0.01513295	0.04054264
7	34.35633	0.0008170307	0.9987004	2.299065	-0.004735894	0.01360602	-0.003713078	0.01487749
7	34.37811	0.0007451773	0.9984063	2.299123	-0.003300145	-0.01350993	0.002639021	0.01415533
7	34.39907	0.0004373491	0.9980873	2.298972	-0.01468674	-0.0152171	-0.007200469	0.02234071
7	34.42086	-2.133846E-05	0.9979146	2.298876	-0.02104969	-0.007926972	-0.004387461	0.02291672
7	34.44183	-9.405613E-05	0.9976865	2.298778	-0.003466328	-0.01087347	-0.004671019	0.01233152
7	34.46256	-2.3067E-05	0.9973488	2.299029	0.003425455	-0.0162932	0.0121142	0.02059019
7	34.48454	-7.078052E-05	0.9967147	2.299598	-0.00217071	-0.0288497	0.02586955	0.03881045
7	34.50547	-0.0006704777	0.9955705	2.30109	-0.02865608	-0.05467619	0.07132939	0.09433206
7	34.52751	-0.002947897	0.9918621	2.30639	-0.103318	-0.1682346	0.2404325	0.3111034
7	34.54616	-0.007025123	0.9868081	2.312499	-0.2186028	-0.2709761	0.3275119	0.4779951
7	34.56524	-0.01502949	0.9795436	2.320125	-0.4196679	-0.3808733	0.3998206	0.693572
7	34.58663	-0.02653289	0.9690028	2.328819	-0.5376626	-0.4926704	0.4063608	0.8348259
7	34.60846	-0.04246408	0.9556136	2.338576	-0.7296638	-0.6132396	0.4468819	1.052699
7	34.62969	-0.05736685	0.9420327	2.348576	-0.7019609	-0.6396981	0.4710379	1.060113
7	34.65189	-0.07399902	0.9248167	2.361314	-0.7491024	-0.7753989	0.5737217	1.221292
7	34.67411	-0.08942276	0.9089257	2.372663	-0.6942192	-0.7152509	0.5108035	1.12002
7	34.69573	-0.1024012	0.8957186	2.382731	-0.6003656	-0.6109382	0.4657398	0.9749861
7	34.71886	-0.1128162	0.8874043	2.392796	-0.4502448	-0.3594306	0.4351065	0.7219615
7	34.74078	-0.1218086	0.8806758	2.403948	-0.4102005	-0.3069319	0.5087163	0.7219861
7	34.76292	-0.1306426	0.8729721	2.415604	-0.3990588	-0.3479978	0.526539	0.7467219
7	34.78522	-0.1371886	0.8661656	2.427206	-0.2935409	-0.3052239	0.520255	0.6708153
7	34.80708	-0.1450019	0.8590968	2.436991	-0.357519	-0.323453	0.4477548	0.6579712
7	34.82984	-0.1530996	0.8547986	2.443635	-0.3557105	-0.1888095	0.2918336	0.4973388
7	34.85259	-0.1601688	0.8531319	2.449291	-0.3107819	-0.07327127	0.2486538	0.4047008
7	34.87479	-0.1649848	0.8512455	2.454072	-0.2169477	-0.08497956	0.2153635	0.3172843
7	34.89709	-0.1693701	0.8466601	2.458676	-0.1966451	-0.2056134	0.2064741	0.3515362
7	34.91743	-0.1729093	0.8417058	2.46296	-0.1739776	-0.2435409	0.2106103	0.3659741
7	34.93745	-0.1737415	0.8369424	2.466125	-0.04156432	-0.2378982	0.1580709	0.288634
7	34.96006	-0.1745745	0.8328154	2.470808	-0.03684263	-0.1825391	0.2070991	0.2785102
7	34.9819	-0.1740131	0.8278031	2.474446	0.02570987	-0.2295382	0.1666024	0.2847896
7	35.00386	-0.1746779	0.8232534	2.478464	-0.0302632	-0.207121	0.1829088	0.2779759
7	35.02652	-0.1753299	0.81911	2.482066	-0.02878294	-0.1829151	0.1590383	0.2440893
7	35.0488	-0.1750647	0.8146117	2.484818	0.01189745	-0.2018407	0.1234756	0.2369123
7	35.07162	-0.1741828	0.8110326	2.488175	0.03864406	-0.1568381	0.147101	0.2184726
7	35.09495	-0.1746984	0.809593	2.490788	-0.02210514	-0.06172316	0.1120334	0.1298071
7	35.11711	-0.1752972	0.8082122	2.492595	-0.02701735	-0.06230181	0.08155227	0.1061236
7	35.13959	-0.175648	0.8063713	2.493741	-0.01560609	-0.0818952	0.05096409	0.0977124
7	35.17476	-0.1758887	0.8050301	2.495733	-0.006844232	-0.0381382	0.05663864	0.06862435
7	35.19386	-0.1764992	0.8042856	2.497075	-0.03195412	-0.03896197	0.07022513	0.08643304
7	35.21397	-0.1773621	0.8032254	2.497855	-0.04290182	-0.05271925	0.03882518	0.07827695
7	35.23653	-0.1769912	0.8018713	2.498996	0.01644305	-0.06004231	0.05059645	0.08022128
7	35.25974	-0.176346	0.8008164	2.499801	0.02779956	-0.04544794	0.03467787	0.06356796
7	35.28207	-0.1759949	0.8011122	2.500262	0.01571977	0.01324192	0.02061277	0.02910921
8	38.13812	-0.002557173	1.000462	2.29859	0	0	0	0
8	38.16491	-0.002966464	1.000561	2.298194	-0.01527824	0.003702331	-0.01479153	0.0215852
8	38.1855	-0.003891826	1.000479	2.298042	-0.04493424	-0.004005732	-0.007397868	0.04571499
8	38.20682	-0.004361942	1.000185	2.298088	-0.02204792	-0.01377567	0.002191584	0.0260899
8	38.22869	-0.004116461	1.000108	2.298389	0.01122325	-0.003504456	0.01373442	0.01807974
8	38.2496	-0.003969163	1.000288	2.298404	0.00704475	0.008603361	0.0007183721	0.01114282
8	38.26866	-0.004165515	1.000348	2.298434	-0.01030517	0.003146998	0.001564114	0.01088791
8	38.28779	-0.004740953	1.000087	2.298234	-0.03007616	-0.01367006	-0.01043012	0.03464438
8	38.30873	-0.005102769	0.9998714	2.298323	-0.0172733	-0.01027534	0.004256967	0.02054437
8	38.32997	-0.005435735	0.9996787	2.298191	-0.01568	-0.00907749	-0.006242529	0.01916331
8	38.35162	-0.005275056	0.9996929	2.298086	0.007422701	0.0006553289	-0.004824102	0.008876819
8	38.37255	-0.004571185	0.9996488	2.298021	0.03363026	-0.002104561	-0.003098461	0.0338382
8	38.39474	-0.002110198	0.9996998	2.298292	0.1109057	0.002296629	0.01221646	0.1116001
8	38.41611	0.001261935	0.9992547	2.299129	0.1577532	-0.02082091	0.03911555	0.1638585
8	38.43742	0.005513564	0.9988355	2.300932	0.1996061	-0.01968063	0.08467738	0.2177158
8	38.45867	0.01308332	0.9989015	2.304872	0.3561234	0.003104175	0.1853307	0.4014736
8	38.47983	0.02306694	0.9992763	2.310646	0.4717508	0.01771277	0.272837	0.5452545
8	38.50069	0.03799111	0.9994739	2.321294	0.7156227	0.009474529	0.5106128	0.879165
8	38.51961	0.05241624	0.999274	2.332612	0.7622583	-0.01056393	0.5980307	0.9689118
8	38.53818	0.06706773	0.9991492	2.344725	0.7889745	-0.006721061	0.6523088	1.023735
8	38.55866	0.08404213	0.9988663	2.358844	0.8288567	-0.01381315	0.6894351	1.0782
8	38.58037	0.1018989	0.9988382	2.373342	0.822598	-0.001296004	0.6678703	1.059585
8	38.60127	0.1193948	0.9994134	2.386331	0.8370042	0.02751685	0.6213962	1.042817
8	38.62178	0.1355059	1.001452	2.397568	0.7854754	0.09941227	0.5478398	0.9627995
8	38.64347	0.1518528	1.003377	2.409139	0.7536225	0.0887237	0.5334194	0.9275532
8	38.66446	0.1669146	1.005207	2.41877	0.7177731	0.08722548	0.4589876	0.8564323
8	38.68668	0.1807739	1.006581	2.426499	0.6236139	0.06181433	0.3477888	0.7167094
8	38.70807	0.1929819	1.008029	2.43391	0.5708823	0.06770278	0.3465357	0.6712505
8	38.72888	0.2006662	1.008735	2.439905	0.3692808	0.03393164	0.288101	0.4695975
8	38.74686	0.205864	1.008703	2.446296	0.2890497	-0.001770022	0.3553964	0.4581042
8	38.76475	0.2071333	1.00731	2.452225	0.07094455	-0.07784802	0.3313938	0.3477288
8	38.78595	0.2099788	1.005437	2.458555	0.1342595	-0.08839734	0.2986926	0.3392005
8	38.80581	0.2107436	1.003462	2.46454	0.03850856	-0.09945612	0.3013156	0.3196334
8	38.82627	0.2110966	1.001322	2.469517	0.01724489	-0.1045118	0.243164	0.2652335
8	38.84678	0.2125012	0.998038	2.474109	0.06849527	-0.1601636	0.2239262	0.2837022
8	38.86782	0.2152315	0.9955903	2.478436	0.129731	-0.1162979	0.2055838	0.2694811
8	38.88788	0.2178695	0.9934621	2.481469	0.1315446	-0.1061232	0.1512504	0.2268101
8	38.90798	0.2203094	0.99261	2.484168	0.121396	-0.04239618	0.1343178	0.1859454
8	38.92838	0.2218235	0.9918689	2.486112	0.0742304	-0.03633681	0.09529684	0.1261428
8	38.94827	0.2224902	0.9908649	2.488329	0.03350767	-0.05046224	0.1114286	0.1268287
8	38.96888	0.2230879	0.9891833	2.489453	0.02901054	-0.08161687	0.05454817	0.1023642
8	38.98711	0.2241308	0.9889591	2.490173	0.0571763	-0.01229285	0.0394992	0.07057216
8	39.00444	0.2243752	0.9891735	2.489544	0.01410096	0.01237671	-0.03629769	0.04086003
9	42.06524	0.00121823	0.999536	2.299035	0	0	0	0
9	42.0867	0.001939908	0.9987593	2.29925	0.03363683	-0.03620173	0.01000125	0.05041851
9	42.10602	0.002323076	0.9982871	2.299661	0.01982884	-0.02443865	0.02125851	0.03797834
10	44.61359	-0.0003871918	0.9995285	2.30026	0	0	0	0
10	44.63848	-0.0007167757	0.999305	2.300449	-0.0132422	-0.008978212	0.007605975	0.01771483
10	44.66016	-0.000804618	0.9991153	2.300521	-0.004051507	-0.00875043	0.00332093	0.01019869
10	44.6817	-0.0009795576	0.9991047	2.30031	-0.008122937	-0.0004898671	-0.009830553	0.01276173
10	44.70315	-0.0007218271	0.9992942	2.300029	0.01201356	0.008829577	-0.01309156	0.01984127
10	44.72567	-0.0005138367	0.9992949	2.299919	0.009237614	3.176712E-05	-0.004892136	0.01045311
10	44.74786	9.380281E-05	0.9992852	2.299899	0.02737843	-0.0004350684	-0.0008916217	0.0273964
10	44.76993	8.59499E-05	0.9991585	2.299975	-0.000355849	-0.005742202	0.003468009	0.006717633
10	44.7922	-0.0001587868	0.9989529	2.300147	-0.0109876	-0.009229476	0.00770684	0.01628821
10	44.81153	-0.0002044439	0.9987549	2.300238	-0.002362302	-0.01024795	0.004687597	0.0115141
10	44.83111	-0.0004010797	0.998376	2.300599	-0.01004063	-0.01934473	0.01845601	0.02855971
10	44.85244	-0.0005438626	0.9982778	2.300728	-0.006695031	-0.004605891	0.006036847	0.0101233
10	44.87454	9.164214E-06	0.9988276	2.300504	0.02502191	0.02487561	-0.01012931	0.03670824
10	44.89699	0.001525342	1.000277	2.300174	0.06754691	0.0645695	-0.0147111	0.09459504
10	44.91806	0.004074842	1.003586	2.301124	0.1209796	0.1570032	0.04509564	0.2032724
10	44.94094	0.009837046	1.009417	2.304095	0.2518215	0.2548542	0.1298158	0.3810733
10	44.96275	0.01802905	1.018512	2.309153	0.3757782	0.4172032	0.2320305	0.6075409
10	44.9847	0.03018929	1.03294	2.316959	0.5539696	0.6572583	0.3556115	0.9302313
10	45.00647	0.04102159	1.049022	2.326597	0.4973848	0.7384315	0.4425498	0.9942449
10	45.02871	0.05314489	1.065186	2.339455	0.5450782	0.7267825	0.5781179	1.076821
10	45.04808	0.06481954	1.078806	2.353161	0.6027278	0.7031241	0.7075738	1.165472
10	45.06807	0.07618539	1.091812	2.368554	0.5687046	0.6508121	0.7702093	1.157672
10	45.08941	0.08789337	1.106616	2.387331	0.5487736	0.6938788	0.8801399	1.247905
10	45.11389	0.09958954	1.120012	2.405771	0.4777244	0.5471539	0.7531632	1.046352
10	45.13372	0.1117365	1.132361	2.420562	0.6124846	0.6226415	0.7458041	1.148496
10	45.15646	0.1240154	1.142607	2.434034	0.5399241	0.4505619	0.5923693	0.9194702
10	45.17843	0.133524	1.15041	2.445589	0.4327924	0.3551558	0.5259703	0.7681729
10	45.201	0.1428607	1.156888	2.458113	0.4138044	0.2870985	0.5550395	0.7494855
10	45.22245	0.1505075	1.159584	2.468034	0.3563597	0.1256519	0.4623643	0.5971276
10	45.24556	0.1567209	1.161811	2.47693	0.2689088	0.09635987	0.3850061	0.4794026
10	45.2679	0.160694	1.163723	2.485399	0.1778454	0.08560038	0.3791026	0.4274052
10	45.2931	0.1638179	1.16291	2.492872	0.1239751	-0.03227972	0.296559	0.3230465
10	45.31208	0.1672213	1.161536	2.498257	0.1792434	-0.07235155	0.2836176	0.3432228
10	45.33205	0.1711596	1.162568	2.502826	0.1973088	0.051726	0.2289179	0.30661
10	45.35437	0.1769614	1.16644	2.50102	0.2598357	0.1733795	-0.08088374	0.322672
10	45.37639	0.1809397	1.171651	2.499712	0.1806877	0.2366947	-0.05943761	0.3036532
10	45.39881	0.1829208	1.176482	2.498077	0.08836455	0.2154763	-0.07289771	0.2440336
10	45.42104	0.1832811	1.178607	2.496899	0.01621132	0.09560774	-0.05301767	0.1105193
10	45.44371	0.1846684	1.177985	2.49723	0.06119329	-0.02743744	0.01458633	0.06863084
10	45.4657	0.1838931	1.176153	2.497739	-0.03524869	-0.08326581	0.02315228	0.09333646
10	45.48754	0.1838538	1.174178	2.498504	-0.001798683	-0.09048004	0.03501291	0.09703492
10	45.51035	0.1829452	1.17331	2.49929	-0.03984285	-0.03805447	0.03449993	0.06500646
10	45.53221	0.1802987	1.17461	2.499313	-0.121052	0.05950022	0.001046925	0.1348887
10	45.55198	0.1784042	1.177149	2.496638	-0.09583517	0.1283923	-0.1353574	0.2097393
10	45.57108	0.1782695	1.178652	2.49486	-0.007050882	0.0786978	-0.0930445	0.1220669
10	45.59392	0.1783925	1.177925	2.494526	0.005385153	-0.03184899	-0.01462486	0.03545764
